{
  "center_px": [
    178.94410359834413,
    180.57297526801827
  ],
  "r_add_px": 131.6128218560393,
  "r_ded_px": 113.59807942315285,
  "r_pitch_px": 122.60545063959607,
  "r_hole_px": null,
  "teeth_estimate": 10,
  "module_px": 24.521090127919216,
  "circular_pitch_px": 77.03527660388421
}